Date,Sales,Rolling_7,Day,Year,Quarter,Month,Month_Name,Week,Day_of_Week,Day_Number,Is_Weekend,Is_Month_Start,Is_Month_End
2016-09-04,272.46,,4,2016,3,9,September,35,Sunday,6,1,0,0
2016-09-05,75.06,,5,2016,3,9,September,36,Monday,0,0,0,0
2016-09-06,0.0,,6,2016,3,9,September,36,Tuesday,1,0,0,0
2016-09-07,0.0,,7,2016,3,9,September,36,Wednesday,2,0,0,0
2016-09-08,0.0,,8,2016,3,9,September,36,Thursday,3,0,0,0
2016-09-09,0.0,,9,2016,3,9,September,36,Friday,4,0,0,0
2016-09-10,0.0,49.645714285714284,10,2016,3,9,September,36,Saturday,5,1,0,0
2016-09-11,0.0,10.722857142857142,11,2016,3,9,September,36,Sunday,6,1,0,0
2016-09-12,0.0,0.0,12,2016,3,9,September,37,Monday,0,0,0,0
2016-09-13,40.95,5.8500000000000005,13,2016,3,9,September,37,Tuesday,1,0,0,0
2016-09-14,0.0,5.8500000000000005,14,2016,3,9,September,37,Wednesday,2,0,0,0
2016-09-15,0.0,5.8500000000000005,15,2016,3,9,September,37,Thursday,3,0,0,0
2016-09-16,0.0,5.8500000000000005,16,2016,3,9,September,37,Friday,4,0,0,0
2016-09-17,0.0,5.8500000000000005,17,2016,3,9,September,37,Saturday,5,1,0,0
2016-09-18,0.0,5.8500000000000005,18,2016,3,9,September,37,Sunday,6,1,0,0
2016-09-19,0.0,5.8500000000000005,19,2016,3,9,September,38,Monday,0,0,0,0
2016-09-20,0.0,0.0,20,2016,3,9,September,38,Tuesday,1,0,0,0
2016-09-21,0.0,0.0,21,2016,3,9,September,38,Wednesday,2,0,0,0
2016-09-22,0.0,0.0,22,2016,3,9,September,38,Thursday,3,0,0,0
2016-09-23,0.0,0.0,23,2016,3,9,September,38,Friday,4,0,0,0
2016-09-24,0.0,0.0,24,2016,3,9,September,38,Saturday,5,1,0,0
2016-09-25,0.0,0.0,25,2016,3,9,September,38,Sunday,6,1,0,0
2016-09-26,0.0,0.0,26,2016,3,9,September,39,Monday,0,0,0,0
2016-09-27,0.0,0.0,27,2016,3,9,September,39,Tuesday,1,0,0,0
2016-09-28,0.0,0.0,28,2016,3,9,September,39,Wednesday,2,0,0,0
2016-09-29,0.0,0.0,29,2016,3,9,September,39,Thursday,3,0,0,0
2016-09-30,0.0,0.0,30,2016,3,9,September,39,Friday,4,0,0,1
2016-10-01,0.0,0.0,1,2016,4,10,October,39,Saturday,5,1,1,0
2016-10-02,109.34,15.620000000000001,2,2016,4,10,October,39,Sunday,6,1,0,0
2016-10-03,595.14,100.64,3,2016,4,10,October,40,Monday,0,0,0,0
2016-10-04,14075.31,2111.3985714285714,4,2016,4,10,October,40,Tuesday,1,0,0,0
2016-10-05,16319.57,4442.765714285714,5,2016,4,10,October,40,Wednesday,2,0,0,0
2016-10-06,11645.27,6106.375714285714,6,2016,4,10,October,40,Thursday,3,0,0,0
2016-10-07,10492.23,7605.265714285714,7,2016,4,10,October,40,Friday,4,0,0,0
2016-10-08,10837.87,9153.532857142856,8,2016,4,10,October,40,Saturday,5,1,0,0
2016-10-09,6895.09,10122.925714285715,9,2016,4,10,October,40,Sunday,6,1,0,0
2016-10-10,5088.36,10764.814285714285,10,2016,4,10,October,41,Monday,0,0,0,0
2016-10-11,0.0,8754.055714285714,11,2016,4,10,October,41,Tuesday,1,0,0,0
2016-10-12,0.0,6422.688571428572,12,2016,4,10,October,41,Wednesday,2,0,0,0
2016-10-13,0.0,4759.078571428572,13,2016,4,10,October,41,Thursday,3,0,0,0
2016-10-14,0.0,3260.1885714285713,14,2016,4,10,October,41,Friday,4,0,0,0
2016-10-15,0.0,1711.9214285714286,15,2016,4,10,October,41,Saturday,5,1,0,0
2016-10-16,0.0,726.9085714285713,16,2016,4,10,October,41,Sunday,6,1,0,0
2016-10-17,0.0,0.0,17,2016,4,10,October,42,Monday,0,0,0,0
2016-10-18,0.0,0.0,18,2016,4,10,October,42,Tuesday,1,0,0,0
2016-10-19,0.0,0.0,19,2016,4,10,October,42,Wednesday,2,0,0,0
2016-10-20,0.0,0.0,20,2016,4,10,October,42,Thursday,3,0,0,0
2016-10-21,0.0,0.0,21,2016,4,10,October,42,Friday,4,0,0,0
2016-10-22,61.99,8.855714285714287,22,2016,4,10,October,42,Saturday,5,1,0,0
2016-10-23,0.0,8.855714285714287,23,2016,4,10,October,42,Sunday,6,1,0,0
2016-10-24,0.0,8.855714285714287,24,2016,4,10,October,43,Monday,0,0,0,0
2016-10-25,0.0,8.855714285714287,25,2016,4,10,October,43,Tuesday,1,0,0,0
2016-10-26,0.0,8.855714285714287,26,2016,4,10,October,43,Wednesday,2,0,0,0
2016-10-27,0.0,8.855714285714287,27,2016,4,10,October,43,Thursday,3,0,0,0
2016-10-28,0.0,8.855714285714287,28,2016,4,10,October,43,Friday,4,0,0,0
2016-10-29,0.0,0.0,29,2016,4,10,October,43,Saturday,5,1,0,0
2016-10-30,0.0,0.0,30,2016,4,10,October,43,Sunday,6,1,0,0
2016-10-31,0.0,0.0,31,2016,4,10,October,44,Monday,0,0,0,1
2016-11-01,0.0,0.0,1,2016,4,11,November,44,Tuesday,1,0,1,0
2016-11-02,0.0,0.0,2,2016,4,11,November,44,Wednesday,2,0,0,0
2016-11-03,0.0,0.0,3,2016,4,11,November,44,Thursday,3,0,0,0
2016-11-04,0.0,0.0,4,2016,4,11,November,44,Friday,4,0,0,0
2016-11-05,0.0,0.0,5,2016,4,11,November,44,Saturday,5,1,0,0
2016-11-06,0.0,0.0,6,2016,4,11,November,44,Sunday,6,1,0,0
2016-11-07,0.0,0.0,7,2016,4,11,November,45,Monday,0,0,0,0
2016-11-08,0.0,0.0,8,2016,4,11,November,45,Tuesday,1,0,0,0
2016-11-09,0.0,0.0,9,2016,4,11,November,45,Wednesday,2,0,0,0
2016-11-10,0.0,0.0,10,2016,4,11,November,45,Thursday,3,0,0,0
2016-11-11,0.0,0.0,11,2016,4,11,November,45,Friday,4,0,0,0
2016-11-12,0.0,0.0,12,2016,4,11,November,45,Saturday,5,1,0,0
2016-11-13,0.0,0.0,13,2016,4,11,November,45,Sunday,6,1,0,0
2016-11-14,0.0,0.0,14,2016,4,11,November,46,Monday,0,0,0,0
2016-11-15,0.0,0.0,15,2016,4,11,November,46,Tuesday,1,0,0,0
2016-11-16,0.0,0.0,16,2016,4,11,November,46,Wednesday,2,0,0,0
2016-11-17,0.0,0.0,17,2016,4,11,November,46,Thursday,3,0,0,0
2016-11-18,0.0,0.0,18,2016,4,11,November,46,Friday,4,0,0,0
2016-11-19,0.0,0.0,19,2016,4,11,November,46,Saturday,5,1,0,0
2016-11-20,0.0,0.0,20,2016,4,11,November,46,Sunday,6,1,0,0
2016-11-21,0.0,0.0,21,2016,4,11,November,47,Monday,0,0,0,0
2016-11-22,0.0,0.0,22,2016,4,11,November,47,Tuesday,1,0,0,0
2016-11-23,0.0,0.0,23,2016,4,11,November,47,Wednesday,2,0,0,0
2016-11-24,0.0,0.0,24,2016,4,11,November,47,Thursday,3,0,0,0
2016-11-25,0.0,0.0,25,2016,4,11,November,47,Friday,4,0,0,0
2016-11-26,0.0,0.0,26,2016,4,11,November,47,Saturday,5,1,0,0
2016-11-27,0.0,0.0,27,2016,4,11,November,47,Sunday,6,1,0,0
2016-11-28,0.0,0.0,28,2016,4,11,November,48,Monday,0,0,0,0
2016-11-29,0.0,0.0,29,2016,4,11,November,48,Tuesday,1,0,0,0
2016-11-30,0.0,0.0,30,2016,4,11,November,48,Wednesday,2,0,0,1
2016-12-01,0.0,0.0,1,2016,4,12,December,48,Thursday,3,0,1,0
2016-12-02,0.0,0.0,2,2016,4,12,December,48,Friday,4,0,0,0
2016-12-03,0.0,0.0,3,2016,4,12,December,48,Saturday,5,1,0,0
2016-12-04,0.0,0.0,4,2016,4,12,December,48,Sunday,6,1,0,0
2016-12-05,0.0,0.0,5,2016,4,12,December,49,Monday,0,0,0,0
2016-12-06,0.0,0.0,6,2016,4,12,December,49,Tuesday,1,0,0,0
2016-12-07,0.0,0.0,7,2016,4,12,December,49,Wednesday,2,0,0,0
2016-12-08,0.0,0.0,8,2016,4,12,December,49,Thursday,3,0,0,0
2016-12-09,0.0,0.0,9,2016,4,12,December,49,Friday,4,0,0,0
2016-12-10,0.0,0.0,10,2016,4,12,December,49,Saturday,5,1,0,0
2016-12-11,0.0,0.0,11,2016,4,12,December,49,Sunday,6,1,0,0
2016-12-12,0.0,0.0,12,2016,4,12,December,50,Monday,0,0,0,0
2016-12-13,0.0,0.0,13,2016,4,12,December,50,Tuesday,1,0,0,0
2016-12-14,0.0,0.0,14,2016,4,12,December,50,Wednesday,2,0,0,0
2016-12-15,0.0,0.0,15,2016,4,12,December,50,Thursday,3,0,0,0
2016-12-16,0.0,0.0,16,2016,4,12,December,50,Friday,4,0,0,0
2016-12-17,0.0,0.0,17,2016,4,12,December,50,Saturday,5,1,0,0
2016-12-18,0.0,0.0,18,2016,4,12,December,50,Sunday,6,1,0,0
2016-12-19,0.0,0.0,19,2016,4,12,December,51,Monday,0,0,0,0
2016-12-20,0.0,0.0,20,2016,4,12,December,51,Tuesday,1,0,0,0
2016-12-21,0.0,0.0,21,2016,4,12,December,51,Wednesday,2,0,0,0
2016-12-22,0.0,0.0,22,2016,4,12,December,51,Thursday,3,0,0,0
2016-12-23,19.62,2.802857142857143,23,2016,4,12,December,51,Friday,4,0,0,0
2016-12-24,0.0,2.802857142857143,24,2016,4,12,December,51,Saturday,5,1,0,0
2016-12-25,0.0,2.802857142857143,25,2016,4,12,December,51,Sunday,6,1,0,0
2016-12-26,0.0,2.802857142857143,26,2016,4,12,December,52,Monday,0,0,0,0
2016-12-27,0.0,2.802857142857143,27,2016,4,12,December,52,Tuesday,1,0,0,0
2016-12-28,0.0,2.802857142857143,28,2016,4,12,December,52,Wednesday,2,0,0,0
2016-12-29,0.0,2.802857142857143,29,2016,4,12,December,52,Thursday,3,0,0,0
2016-12-30,0.0,0.0,30,2016,4,12,December,52,Friday,4,0,0,0
2016-12-31,0.0,0.0,31,2016,4,12,December,52,Saturday,5,1,0,1
2017-01-01,0.0,0.0,1,2017,1,1,January,52,Sunday,6,1,1,0
2017-01-02,0.0,0.0,2,2017,1,1,January,1,Monday,0,0,0,0
2017-01-03,0.0,0.0,3,2017,1,1,January,1,Tuesday,1,0,0,0
2017-01-04,0.0,0.0,4,2017,1,1,January,1,Wednesday,2,0,0,0
2017-01-05,707.27,101.03857142857143,5,2017,1,1,January,1,Thursday,3,0,0,0
2017-01-06,988.28,242.22142857142856,6,2017,1,1,January,1,Friday,4,0,0,0
2017-01-07,2294.5099999999998,570.0085714285714,7,2017,1,1,January,1,Saturday,5,1,0,0
2017-01-08,809.63,685.67,8,2017,1,1,January,1,Sunday,6,1,0,0
2017-01-09,882.63,811.76,9,2017,1,1,January,2,Monday,0,0,0,0
2017-01-10,1571.17,1036.212857142857,10,2017,1,1,January,2,Tuesday,1,0,0,0
2017-01-11,3062.33,1473.6885714285713,11,2017,1,1,January,2,Wednesday,2,0,0,0
2017-01-12,3256.45,1837.857142857143,12,2017,1,1,January,2,Thursday,3,0,0,0
2017-01-13,2903.9700000000003,2111.5271428571427,13,2017,1,1,January,2,Friday,4,0,0,0
2017-01-14,1507.36,1999.077142857143,14,2017,1,1,January,2,Saturday,5,1,0,0
2017-01-15,3556.48,2391.4842857142858,15,2017,1,1,January,2,Sunday,6,1,0,0
2017-01-16,5294.02,3021.682857142857,16,2017,1,1,January,3,Monday,0,0,0,0
2017-01-17,4742.07,3474.6685714285713,17,2017,1,1,January,3,Tuesday,1,0,0,0
2017-01-18,4898.54,3736.9842857142858,18,2017,1,1,January,3,Wednesday,2,0,0,0
2017-01-19,5799.98,4100.345714285714,19,2017,1,1,January,3,Thursday,3,0,0,0
2017-01-20,8306.46,4872.129999999999,20,2017,1,1,January,3,Friday,4,0,0,0
2017-01-21,6671.86,5609.915714285714,21,2017,1,1,January,3,Saturday,5,1,0,0
2017-01-22,5091.599999999999,5829.2185714285715,22,2017,1,1,January,3,Sunday,6,1,0,0
2017-01-23,10151.1,6523.087142857143,23,2017,1,1,January,4,Monday,0,0,0,0
2017-01-24,9629.76,7221.328571428572,24,2017,1,1,January,4,Tuesday,1,0,0,0
2017-01-25,12596.65,8321.058571428572,25,2017,1,1,January,4,Wednesday,2,0,0,0
2017-01-26,18881.29,10189.817142857142,26,2017,1,1,January,4,Thursday,3,0,0,0
2017-01-27,16037.99,11294.32142857143,27,2017,1,1,January,4,Friday,4,0,0,0
2017-01-28,5987.98,11196.624285714284,28,2017,1,1,January,4,Saturday,5,1,0,0
2017-01-29,9474.34,11822.73,29,2017,1,1,January,4,Sunday,6,1,0,0
2017-01-30,26778.75,14198.108571428573,30,2017,1,1,January,5,Monday,0,0,0,0
2017-01-31,17133.19,15270.027142857141,31,2017,1,1,January,5,Tuesday,1,0,0,1
2017-02-01,11093.53,15055.295714285714,1,2017,1,2,February,5,Wednesday,2,0,1,0
2017-02-02,11854.56,14051.477142857142,2,2017,1,2,February,5,Thursday,3,0,0,0
2017-02-03,12712.47,13576.402857142855,3,2017,1,2,February,5,Friday,4,0,0,0
2017-02-04,17974.06,15288.699999999999,4,2017,1,2,February,5,Saturday,5,1,0,0
2017-02-05,12141.24,15669.685714285713,5,2017,1,2,February,5,Sunday,6,1,0,0
2017-02-06,12255.9,13594.992857142855,6,2017,1,2,February,6,Monday,0,0,0,0
2017-02-07,22192.55,14317.75857142857,7,2017,1,2,February,6,Tuesday,1,0,0,0
2017-02-08,16217.77,15049.792857142858,8,2017,1,2,February,6,Wednesday,2,0,0,0
2017-02-09,12017.19,15073.025714285714,9,2017,1,2,February,6,Thursday,3,0,0,0
2017-02-10,17648.34,15778.15,10,2017,1,2,February,6,Friday,4,0,0,0
2017-02-11,6554.84,14146.832857142856,11,2017,1,2,February,6,Saturday,5,1,0,0
2017-02-12,17211.37,14871.137142857142,12,2017,1,2,February,6,Sunday,6,1,0,0
2017-02-13,16132.33,15424.912857142857,13,2017,1,2,February,7,Monday,0,0,0,0
2017-02-14,19003.71,14969.364285714286,14,2017,1,2,February,7,Tuesday,1,0,0,0
2017-02-15,8663.64,13890.202857142856,15,2017,1,2,February,7,Wednesday,2,0,0,0
2017-02-16,8647.8,13408.861428571428,16,2017,1,2,February,7,Thursday,3,0,0,0
2017-02-17,11948.3,12594.569999999998,17,2017,1,2,February,7,Friday,4,0,0,0
2017-02-18,13267.33,13553.497142857143,18,2017,1,2,February,7,Saturday,5,1,0,0
2017-02-19,4913.28,11796.62714285714,19,2017,1,2,February,7,Sunday,6,1,0,0
2017-02-20,10772.58,11030.948571428571,20,2017,1,2,February,8,Monday,0,0,0,0
2017-02-21,11017.15,9890.011428571428,21,2017,1,2,February,8,Tuesday,1,0,0,0
2017-02-22,10848.53,10202.138571428572,22,2017,1,2,February,8,Wednesday,2,0,0,0
2017-02-23,14871.58,11091.25,23,2017,1,2,February,8,Thursday,3,0,0,0
2017-02-24,9898.21,10798.380000000001,24,2017,1,2,February,8,Friday,4,0,0,0
2017-02-25,7018.62,9905.707142857142,25,2017,1,2,February,8,Saturday,5,1,0,0
2017-02-26,7645.64,10296.044285714286,26,2017,1,2,February,8,Sunday,6,1,0,0
2017-02-27,8805.61,10015.048571428571,27,2017,1,2,February,9,Monday,0,0,0,0
2017-02-28,16373.8,10780.284285714286,28,2017,1,2,February,9,Tuesday,1,0,0,1
2017-03-01,23275.079999999998,12555.505714285715,1,2017,1,3,March,9,Wednesday,2,0,1,0
2017-03-02,14818.23,12547.884285714286,2,2017,1,3,March,9,Thursday,3,0,0,0
2017-03-03,15974.58,13415.937142857143,3,2017,1,3,March,9,Friday,4,0,0,0
2017-03-04,18476.55,15052.784285714284,4,2017,1,3,March,9,Saturday,5,1,0,0
2017-03-05,10883.02,15515.267142857143,5,2017,1,3,March,9,Sunday,6,1,0,0
2017-03-06,15934.46,16533.674285714285,6,2017,1,3,March,10,Monday,0,0,0,0
2017-03-07,19087.99,16921.415714285715,7,2017,1,3,March,10,Tuesday,1,0,0,0
2017-03-08,21757.76,16704.655714285716,8,2017,1,3,March,10,Wednesday,2,0,0,0
2017-03-09,19842.82,17422.454285714284,9,2017,1,3,March,10,Thursday,3,0,0,0
2017-03-10,17167.08,17592.81142857143,10,2017,1,3,March,10,Friday,4,0,0,0
2017-03-11,15222.7,17127.975714285716,11,2017,1,3,March,10,Saturday,5,1,0,0
2017-03-12,8778.92,16827.390000000003,12,2017,1,3,March,10,Sunday,6,1,0,0
2017-03-13,20573.32,17490.084285714285,13,2017,1,3,March,11,Monday,0,0,0,0
2017-03-14,22128.65,17924.464285714286,14,2017,1,3,March,11,Tuesday,1,0,0,0
2017-03-15,20709.57,17774.722857142857,15,2017,1,3,March,11,Wednesday,2,0,0,0
2017-03-16,24188.43,18395.524285714288,16,2017,1,3,March,11,Thursday,3,0,0,0
2017-03-17,16127.26,18246.97857142857,17,2017,1,3,March,11,Friday,4,0,0,0
2017-03-18,19397.72,18843.41,18,2017,1,3,March,11,Saturday,5,1,0,0
2017-03-19,8395.68,18788.661428571428,19,2017,1,3,March,11,Sunday,6,1,0,0
2017-03-20,23558.56,19215.124285714286,20,2017,1,3,March,12,Monday,0,0,0,0
2017-03-21,17003.25,18482.92428571429,21,2017,1,3,March,12,Tuesday,1,0,0,0
2017-03-22,20234.93,18415.11857142857,22,2017,1,3,March,12,Wednesday,2,0,0,0
2017-03-23,30982.7,19385.72857142857,23,2017,1,3,March,12,Thursday,3,0,0,0
2017-03-24,15134.18,19243.860000000004,24,2017,1,3,March,12,Friday,4,0,0,0
2017-03-25,14454.1,18537.628571428573,25,2017,1,3,March,12,Saturday,5,1,0,0
2017-03-26,8600.82,18566.934285714284,26,2017,1,3,March,12,Sunday,6,1,0,0
2017-03-27,22562.670000000002,18424.664285714283,27,2017,1,3,March,13,Monday,0,0,0,0
2017-03-28,17964.33,18561.96142857143,28,2017,1,3,March,13,Tuesday,1,0,0,0
2017-03-29,12499.55,17456.907142857144,29,2017,1,3,March,13,Wednesday,2,0,0,0
2017-03-30,14626.82,15120.352857142858,30,2017,1,3,March,13,Thursday,3,0,0,0
2017-03-31,14376.5,15012.112857142858,31,2017,1,3,March,13,Friday,4,0,0,1
2017-04-01,21242.64,15981.904285714287,1,2017,2,4,April,13,Saturday,5,1,1,0
2017-04-02,18305.97,17368.354285714286,2,2017,2,4,April,13,Sunday,6,1,0,0
2017-04-03,14773.34,16255.592857142856,3,2017,2,4,April,14,Monday,0,0,0,0
2017-04-04,17230.36,16150.740000000002,4,2017,2,4,April,14,Tuesday,1,0,0,0
2017-04-05,21421.09,17425.245714285713,5,2017,2,4,April,14,Wednesday,2,0,0,0
2017-04-06,43173.64,21503.362857142853,6,2017,2,4,April,14,Thursday,3,0,0,0
2017-04-07,16888.56,21862.22857142857,7,2017,2,4,April,14,Friday,4,0,0,0
2017-04-08,11688.88,20497.405714285713,8,2017,2,4,April,14,Saturday,5,1,0,0
2017-04-09,11017.89,19456.251428571424,9,2017,2,4,April,14,Sunday,6,1,0,0
2017-04-10,14921.98,19477.485714285714,10,2017,2,4,April,15,Monday,0,0,0,0
2017-04-11,11654.87,18680.987142857142,11,2017,2,4,April,15,Tuesday,1,0,0,0
2017-04-12,9932.82,17039.805714285714,12,2017,2,4,April,15,Wednesday,2,0,0,0
2017-04-13,12476.96,12654.565714285713,13,2017,2,4,April,15,Thursday,3,0,0,0
2017-04-14,11502.1,11885.07142857143,14,2017,2,4,April,15,Friday,4,0,0,0
2017-04-15,9979.54,11640.880000000001,15,2017,2,4,April,15,Saturday,5,1,0,0
2017-04-16,7187.76,11093.718571428572,16,2017,2,4,April,15,Sunday,6,1,0,0
2017-04-17,11472.04,10600.869999999999,17,2017,2,4,April,16,Monday,0,0,0,0
2017-04-18,26631.78,12740.42857142857,18,2017,2,4,April,16,Tuesday,1,0,0,0
2017-04-19,17429.04,13811.317142857142,19,2017,2,4,April,16,Wednesday,2,0,0,0
2017-04-20,20299.58,14928.834285714285,20,2017,2,4,April,16,Thursday,3,0,0,0
2017-04-21,12732.67,15104.630000000001,21,2017,2,4,April,16,Friday,4,0,0,0
2017-04-22,18109.16,16266.004285714285,22,2017,2,4,April,16,Saturday,5,1,0,0
2017-04-23,12579.33,17036.22857142857,23,2017,2,4,April,16,Sunday,6,1,0,0
2017-04-24,30177.64,19708.457142857143,24,2017,2,4,April,17,Monday,0,0,0,0
2017-04-25,20349.01,18810.91857142857,25,2017,2,4,April,17,Tuesday,1,0,0,0
2017-04-26,22207.64,19493.575714285715,26,2017,2,4,April,17,Wednesday,2,0,0,0
2017-04-27,16205.460000000001,18908.70142857143,27,2017,2,4,April,17,Thursday,3,0,0,0
2017-04-28,21199.05,20118.184285714284,28,2017,2,4,April,17,Friday,4,0,0,0
2017-04-29,18021.92,20105.721428571425,29,2017,2,4,April,17,Saturday,5,1,0,0
2017-04-30,10078.83,19748.507142857143,30,2017,2,4,April,17,Sunday,6,1,0,1
2017-05-01,16929.51,17855.91714285714,1,2017,2,5,May,18,Monday,0,0,1,0
2017-05-02,23415.16,18293.93857142857,2,2017,2,5,May,18,Tuesday,1,0,0,0
2017-05-03,13619.04,17066.995714285713,3,2017,2,5,May,18,Wednesday,2,0,0,0
2017-05-04,20071.98,17619.355714285713,4,2017,2,5,May,18,Thursday,3,0,0,0
2017-05-05,19149.48,17326.56,5,2017,2,5,May,18,Friday,4,0,0,0
2017-05-06,22754.64,18002.662857142856,6,2017,2,5,May,18,Saturday,5,1,0,0
2017-05-07,22098.44,19719.75,7,2017,2,5,May,18,Sunday,6,1,0,0
2017-05-08,26054.84,21023.36857142857,8,2017,2,5,May,19,Monday,0,0,0,0
2017-05-09,38705.12,23207.64857142857,9,2017,2,5,May,19,Tuesday,1,0,0,0
2017-05-10,32746.87,25940.195714285714,10,2017,2,5,May,19,Wednesday,2,0,0,0
2017-05-11,25940.22,26778.515714285717,11,2017,2,5,May,19,Thursday,3,0,0,0
2017-05-12,17798.54,26585.524285714284,12,2017,2,5,May,19,Friday,4,0,0,0
2017-05-13,12422.55,25109.51142857143,13,2017,2,5,May,19,Saturday,5,1,0,0
2017-05-14,20277.89,24849.432857142856,14,2017,2,5,May,19,Sunday,6,1,0,0
2017-05-15,28766.53,25236.817142857144,15,2017,2,5,May,20,Monday,0,0,0,0
2017-05-16,30796.399999999998,24106.999999999996,16,2017,2,5,May,20,Tuesday,1,0,0,0
2017-05-17,24187.38,22884.21571428571,17,2017,2,5,May,20,Wednesday,2,0,0,0
2017-05-18,27611.75,23123.00571428571,18,2017,2,5,May,20,Thursday,3,0,0,0
2017-05-19,31026.8,25012.757142857146,19,2017,2,5,May,20,Friday,4,0,0,0
2017-05-20,14080.06,25249.544285714284,20,2017,2,5,May,20,Saturday,5,1,0,0
2017-05-21,22854.56,25617.640000000003,21,2017,2,5,May,20,Sunday,6,1,0,0
2017-05-22,32192.68,26107.09,22,2017,2,5,May,21,Monday,0,0,0,0
2017-05-23,24903.84,25265.295714285716,23,2017,2,5,May,21,Tuesday,1,0,0,0
2017-05-24,30970.37,26234.294285714284,24,2017,2,5,May,21,Wednesday,2,0,0,0
2017-05-25,23528.36,25650.95285714286,25,2017,2,5,May,21,Thursday,3,0,0,0
2017-05-26,15591.2,23445.86714285714,26,2017,2,5,May,21,Friday,4,0,0,0
2017-05-27,22252.77,24613.397142857142,27,2017,2,5,May,21,Saturday,5,1,0,0
2017-05-28,12767.72,23172.420000000002,28,2017,2,5,May,21,Sunday,6,1,0,0
2017-05-29,25154.5,22166.965714285714,29,2017,2,5,May,22,Monday,0,0,0,0
2017-05-30,24539.48,22114.914285714283,30,2017,2,5,May,22,Tuesday,1,0,0,0
2017-05-31,27808.41,21663.205714285716,31,2017,2,5,May,22,Wednesday,2,0,0,1
2017-06-01,23534.75,21664.11857142857,1,2017,2,6,June,22,Thursday,3,0,1,0
2017-06-02,22868.170000000002,22703.685714285715,2,2017,2,6,June,22,Friday,4,0,0,0
2017-06-03,18662.010000000002,22190.72,3,2017,2,6,June,22,Saturday,5,1,0,0
2017-06-04,16784.15,22764.495714285713,4,2017,2,6,June,22,Sunday,6,1,0,0
2017-06-05,31032.9,23604.26714285714,5,2017,2,6,June,23,Monday,0,0,0,0
2017-06-06,21646.06,23190.92142857143,6,2017,2,6,June,23,Tuesday,1,0,0,0
2017-06-07,17888.08,21773.73142857143,7,2017,2,6,June,23,Wednesday,2,0,0,0
2017-06-08,30372.62,22750.570000000003,8,2017,2,6,June,23,Thursday,3,0,0,0
2017-06-09,21910.76,22613.797142857144,9,2017,2,6,June,23,Friday,4,0,0,0
2017-06-10,10901.94,21505.21571428571,10,2017,2,6,June,23,Saturday,5,1,0,0
2017-06-11,22343.97,22299.475714285716,11,2017,2,6,June,23,Sunday,6,1,0,0
2017-06-12,28915.15,21996.940000000002,12,2017,2,6,June,24,Monday,0,0,0,0
2017-06-13,19087.56,21631.440000000002,13,2017,2,6,June,24,Tuesday,1,0,0,0
2017-06-14,28639.8,23167.399999999998,14,2017,2,6,June,24,Wednesday,2,0,0,0
2017-06-15,17852.28,21378.78,15,2017,2,6,June,24,Thursday,3,0,0,0
2017-06-16,15988.32,20532.717142857146,16,2017,2,6,June,24,Friday,4,0,0,0
2017-06-17,15122.34,21135.63142857143,17,2017,2,6,June,24,Saturday,5,1,0,0
2017-06-18,21333.01,20991.20857142857,18,2017,2,6,June,24,Sunday,6,1,0,0
2017-06-19,30634.16,21236.78142857143,19,2017,2,6,June,25,Monday,0,0,0,0
2017-06-20,23604.170000000002,21882.011428571426,20,2017,2,6,June,25,Tuesday,1,0,0,0
2017-06-21,7834.780000000001,18909.865714285716,21,2017,2,6,June,25,Wednesday,2,0,0,0
2017-06-22,11885.72,18057.5,22,2017,2,6,June,25,Thursday,3,0,0,0
2017-06-23,17154.84,18224.145714285714,23,2017,2,6,June,25,Friday,4,0,0,0
2017-06-24,11774.18,17745.837142857144,24,2017,2,6,June,25,Saturday,5,1,0,0
2017-06-25,23464.14,18050.284285714286,25,2017,2,6,June,25,Sunday,6,1,0,0
2017-06-26,18494.31,16316.020000000002,26,2017,2,6,June,26,Monday,0,0,0,0
2017-06-27,22851.16,16208.447142857141,27,2017,2,6,June,26,Tuesday,1,0,0,0
2017-06-28,22127.44,18250.255714285715,28,2017,2,6,June,26,Wednesday,2,0,0,0
2017-06-29,16845.67,18958.82,29,2017,2,6,June,26,Thursday,3,0,0,0
2017-06-30,17336.94,18984.834285714285,30,2017,2,6,June,26,Friday,4,0,0,1
2017-07-01,18279.06,19914.102857142858,1,2017,3,7,July,26,Saturday,5,1,1,0
2017-07-02,16329.6,18894.882857142857,2,2017,3,7,July,26,Sunday,6,1,0,0
2017-07-03,23094.45,19552.045714285716,3,2017,3,7,July,27,Monday,0,0,0,0
2017-07-04,19637.22,19092.911428571428,4,2017,3,7,July,27,Tuesday,1,0,0,0
2017-07-05,29062.57,20083.644285714287,5,2017,3,7,July,27,Wednesday,2,0,0,0
2017-07-06,31307.58,22149.63142857143,6,2017,3,7,July,27,Thursday,3,0,0,0
2017-07-07,20749.77,22637.178571428572,7,2017,3,7,July,27,Friday,4,0,0,0
2017-07-08,13070.38,21893.08142857143,8,2017,3,7,July,27,Saturday,5,1,0,0
2017-07-09,12165.21,21298.16857142857,9,2017,3,7,July,27,Sunday,6,1,0,0
2017-07-10,27097.91,21870.09142857143,10,2017,3,7,July,28,Monday,0,0,0,0
2017-07-11,31095.739999999998,23507.022857142856,11,2017,3,7,July,28,Tuesday,1,0,0,0
2017-07-12,26366.79,23121.911428571428,12,2017,3,7,July,28,Wednesday,2,0,0,0
2017-07-13,22767.46,21901.894285714287,13,2017,3,7,July,28,Thursday,3,0,0,0
2017-07-14,25496.71,22580.028571428567,14,2017,3,7,July,28,Friday,4,0,0,0
2017-07-15,16145.24,23019.294285714284,15,2017,3,7,July,28,Saturday,5,1,0,0
2017-07-16,23991.24,24708.727142857144,16,2017,3,7,July,28,Sunday,6,1,0,0
2017-07-17,33885.3,25678.354285714282,17,2017,3,7,July,29,Monday,0,0,0,0
2017-07-18,41398.81,27150.221428571425,18,2017,3,7,July,29,Tuesday,1,0,0,0
2017-07-19,29997.27,27668.861428571432,19,2017,3,7,July,29,Wednesday,2,0,0,0
2017-07-20,29723.18,28662.535714285714,20,2017,3,7,July,29,Thursday,3,0,0,0
2017-07-21,25917.62,28722.665714285715,21,2017,3,7,July,29,Friday,4,0,0,0
2017-07-22,17581.760000000002,28927.88285714286,22,2017,3,7,July,29,Saturday,5,1,0,0
2017-07-23,14668.44,27596.054285714286,23,2017,3,7,July,29,Sunday,6,1,0,0
2017-07-24,27859.27,26735.192857142858,24,2017,3,7,July,30,Monday,0,0,0,0
2017-07-25,26897.56,24663.585714285717,25,2017,3,7,July,30,Tuesday,1,0,0,0
2017-07-26,18415.97,23009.114285714284,26,2017,3,7,July,30,Wednesday,2,0,0,0
2017-07-27,23614.3,22136.41714285714,27,2017,3,7,July,30,Thursday,3,0,0,0
2017-07-28,32020.53,23008.26142857143,28,2017,3,7,July,30,Friday,4,0,0,0
2017-07-29,22804.21,23754.325714285715,29,2017,3,7,July,30,Saturday,5,1,0,0
2017-07-30,18904.85,24359.527142857143,30,2017,3,7,July,30,Sunday,6,1,0,0
2017-07-31,24253.53,23844.42142857143,31,2017,3,7,July,31,Monday,0,0,0,1
2017-08-01,34556.03,24938.48857142857,1,2017,3,8,August,31,Tuesday,1,0,1,0
2017-08-02,27149.37,26186.117142857143,2,2017,3,8,August,31,Wednesday,2,0,0,0
2017-08-03,25783.489999999998,26496.00142857143,3,2017,3,8,August,31,Thursday,3,0,0,0
2017-08-04,26447.58,25699.86571428571,4,2017,3,8,August,31,Friday,4,0,0,0
2017-08-05,16053.04,24735.412857142856,5,2017,3,8,August,31,Saturday,5,1,0,0
2017-08-06,20820.63,25009.09571428571,6,2017,3,8,August,31,Sunday,6,1,0,0
2017-08-07,32995.63,26257.967142857146,7,2017,3,8,August,32,Monday,0,0,0,0
2017-08-08,25051.65,24900.19857142857,8,2017,3,8,August,32,Tuesday,1,0,0,0
2017-08-09,33524.93,25810.992857142854,9,2017,3,8,August,32,Wednesday,2,0,0,0
2017-08-10,28721.57,26230.71857142857,10,2017,3,8,August,32,Thursday,3,0,0,0
2017-08-11,29254.78,26631.747142857144,11,2017,3,8,August,32,Friday,4,0,0,0
2017-08-12,21137.81,27358.14285714286,12,2017,3,8,August,32,Saturday,5,1,0,0
2017-08-13,21131.59,27402.565714285713,13,2017,3,8,August,32,Sunday,6,1,0,0
2017-08-14,26457.45,26468.54,14,2017,3,8,August,33,Monday,0,0,0,0
2017-08-15,33446.33,27667.780000000002,15,2017,3,8,August,33,Tuesday,1,0,0,0
2017-08-16,37468.88,28231.20142857143,16,2017,3,8,August,33,Wednesday,2,0,0,0
2017-08-17,25618.11,27787.850000000002,17,2017,3,8,August,33,Thursday,3,0,0,0
2017-08-18,23498.58,26965.535714285714,18,2017,3,8,August,33,Friday,4,0,0,0
2017-08-19,19646.26,26752.457142857143,19,2017,3,8,August,33,Saturday,5,1,0,0
2017-08-20,17610.45,26249.437142857143,20,2017,3,8,August,33,Sunday,6,1,0,0
2017-08-21,35257.94,27506.649999999998,21,2017,3,8,August,34,Monday,0,0,0,0
2017-08-22,24226.56,26189.54,22,2017,3,8,August,34,Tuesday,1,0,0,0
2017-08-23,74810.36,31524.037142857145,23,2017,3,8,August,34,Wednesday,2,0,0,0
2017-08-24,19152.29,30600.34857142857,24,2017,3,8,August,34,Thursday,3,0,0,0
2017-08-25,20047.9,30107.394285714287,25,2017,3,8,August,34,Friday,4,0,0,0
2017-08-26,13289.59,29199.29857142857,26,2017,3,8,August,34,Saturday,5,1,0,0
2017-08-27,20853.63,29662.610000000004,27,2017,3,8,August,34,Sunday,6,1,0,0
2017-08-28,30069.39,28921.388571428575,28,2017,3,8,August,35,Monday,0,0,0,0
2017-08-29,41402.88,31375.14857142857,29,2017,3,8,August,35,Tuesday,1,0,0,0
2017-08-30,39569.31,26340.712857142855,30,2017,3,8,August,35,Wednesday,2,0,0,0
2017-08-31,31075.36,28044.00857142857,31,2017,3,8,August,35,Thursday,3,0,0,1
2017-09-01,38503.35,30680.50142857143,1,2017,3,9,September,35,Friday,4,0,1,0
2017-09-02,24897.9,32338.83142857143,2,2017,3,9,September,35,Saturday,5,1,0,0
2017-09-03,43352.75,35552.991428571426,3,2017,3,9,September,35,Sunday,6,1,0,0
2017-09-04,32001.510000000002,35829.008571428574,4,2017,3,9,September,36,Monday,0,0,0,0
2017-09-05,32456.76,34550.991428571426,5,2017,3,9,September,36,Tuesday,1,0,0,0
2017-09-06,34408.37,33813.71428571428,6,2017,3,9,September,36,Wednesday,2,0,0,0
2017-09-07,24289.44,32844.29714285714,7,2017,3,9,September,36,Thursday,3,0,0,0
2017-09-08,20896.670000000002,30329.057142857142,8,2017,3,9,September,36,Friday,4,0,0,0
2017-09-09,22042.44,29921.134285714284,9,2017,3,9,September,36,Saturday,5,1,0,0
2017-09-10,24649.7,27249.27,10,2017,3,9,September,36,Sunday,6,1,0,0
2017-09-11,30513.03,27036.629999999997,11,2017,3,9,September,37,Monday,0,0,0,0
2017-09-12,61390.79,31170.062857142857,12,2017,3,9,September,37,Tuesday,1,0,0,0
2017-09-13,37638.62,31631.527142857143,13,2017,3,9,September,37,Wednesday,2,0,0,0
2017-09-14,34522.06,33093.33,14,2017,3,9,September,37,Thursday,3,0,0,0
2017-09-15,24649.97,33629.51571428571,15,2017,3,9,September,37,Friday,4,0,0,0
2017-09-16,26118.93,34211.87142857143,16,2017,3,9,September,37,Saturday,5,1,0,0
2017-09-17,25066.46,34271.408571428576,17,2017,3,9,September,37,Sunday,6,1,0,0
2017-09-18,45569.9,36422.39,18,2017,3,9,September,38,Monday,0,0,0,0
2017-09-19,31974.08,32220.00285714286,19,2017,3,9,September,38,Tuesday,1,0,0,0
2017-09-20,30561.3,31208.957142857143,20,2017,3,9,September,38,Wednesday,2,0,0,0
2017-09-21,27869.16,30258.54285714286,21,2017,3,9,September,38,Thursday,3,0,0,0
2017-09-22,24727.13,30269.565714285716,22,2017,3,9,September,38,Friday,4,0,0,0
2017-09-23,15504.01,28753.148571428574,23,2017,3,9,September,38,Saturday,5,1,0,0
2017-09-24,20435.72,28091.614285714284,24,2017,3,9,September,38,Sunday,6,1,0,0
2017-09-25,26283.23,25336.375714285714,25,2017,3,9,September,39,Monday,0,0,0,0
2017-09-26,28586.52,24852.43857142857,26,2017,3,9,September,39,Tuesday,1,0,0,0
2017-09-27,36322.99,25675.537142857145,27,2017,3,9,September,39,Wednesday,2,0,0,0
2017-09-28,40237.03,27442.375714285714,28,2017,3,9,September,39,Thursday,3,0,0,0
2017-09-29,140554.21,43989.10142857143,29,2017,3,9,September,39,Friday,4,0,0,0
2017-09-30,17071.46,44213.02285714285,30,2017,3,9,September,39,Saturday,5,1,0,1
2017-10-01,26174.29,45032.81857142857,1,2017,4,10,October,39,Sunday,6,1,1,0
2017-10-02,48222.049999999996,48166.93571428571,2,2017,4,10,October,40,Monday,0,0,0,0
2017-10-03,33821.81,48914.83428571429,3,2017,4,10,October,40,Tuesday,1,0,0,0
2017-10-04,28315.64,47770.927142857145,4,2017,4,10,October,40,Wednesday,2,0,0,0
2017-10-05,55843.41,50000.409999999996,5,2017,4,10,October,40,Thursday,3,0,0,0
2017-10-06,28746.37,34027.86142857143,6,2017,4,10,October,40,Friday,4,0,0,0
2017-10-07,22966.1,34869.95285714286,7,2017,4,10,October,40,Saturday,5,1,0,0
2017-10-08,23251.84,34452.46,8,2017,4,10,October,40,Sunday,6,1,0,0
2017-10-09,45187.64,34018.97285714286,9,2017,4,10,October,41,Monday,0,0,0,0
2017-10-10,37072.38,34483.340000000004,10,2017,4,10,October,41,Tuesday,1,0,0,0
2017-10-11,30629.77,34813.93,11,2017,4,10,October,41,Wednesday,2,0,0,0
2017-10-12,29977.6,31118.814285714285,12,2017,4,10,October,41,Thursday,3,0,0,0
2017-10-13,32908.46,31713.39857142857,13,2017,4,10,October,41,Friday,4,0,0,0
2017-10-14,18589.98,31088.23857142857,14,2017,4,10,October,41,Saturday,5,1,0,0
2017-10-15,25241.06,31372.412857142856,15,2017,4,10,October,41,Sunday,6,1,0,0
2017-10-16,40979.7,30771.278571428575,16,2017,4,10,October,42,Monday,0,0,0,0
2017-10-17,61036.130000000005,34194.67142857143,17,2017,4,10,October,42,Tuesday,1,0,0,0
2017-10-18,43875.54,36086.92428571429,18,2017,4,10,October,42,Wednesday,2,0,0,0
2017-10-19,31021.68,36236.078571428574,19,2017,4,10,October,42,Thursday,3,0,0,0
2017-10-20,24317.09,35008.740000000005,20,2017,4,10,October,42,Friday,4,0,0,0
2017-10-21,22402.32,35553.36,21,2017,4,10,October,42,Saturday,5,1,0,0
2017-10-22,28329.33,35994.54142857143,22,2017,4,10,October,42,Sunday,6,1,0,0
2017-10-23,35482.99,35209.29714285715,23,2017,4,10,October,43,Monday,0,0,0,0
2017-10-24,35287.73,31530.954285714284,24,2017,4,10,October,43,Tuesday,1,0,0,0
2017-10-25,28120.08,29280.17428571429,25,2017,4,10,October,43,Wednesday,2,0,0,0
2017-10-26,37350.63,30184.309999999998,26,2017,4,10,October,43,Thursday,3,0,0,0
2017-10-27,33777.26,31535.762857142858,27,2017,4,10,October,43,Friday,4,0,0,0
2017-10-28,23458.31,31686.61857142857,28,2017,4,10,October,43,Saturday,5,1,0,0
2017-10-29,28148.24,31660.748571428576,29,2017,4,10,October,43,Sunday,6,1,0,0
2017-10-30,32014.59,31165.262857142858,30,2017,4,10,October,44,Monday,0,0,0,0
2017-10-31,38955.51,31689.231428571427,31,2017,4,10,October,44,Tuesday,1,0,0,1
2017-11-01,32216.43,32274.424285714285,1,2017,4,11,November,44,Wednesday,2,0,1,0
2017-11-02,30573.36,31306.242857142857,2,2017,4,11,November,44,Thursday,3,0,0,0
2017-11-03,39124.44,32070.125714285714,3,2017,4,11,November,44,Friday,4,0,0,0
2017-11-04,40193.57,34460.87714285714,4,2017,4,11,November,44,Saturday,5,1,0,0
2017-11-05,26208.13,34183.71857142857,5,2017,4,11,November,44,Sunday,6,1,0,0
2017-11-06,41271.04,35506.06857142857,6,2017,4,11,November,45,Monday,0,0,0,0
2017-11-07,30855.39,34348.90857142857,7,2017,4,11,November,45,Tuesday,1,0,0,0
2017-11-08,32250.48,34353.77285714286,8,2017,4,11,November,45,Wednesday,2,0,0,0
2017-11-09,38360.99,35466.29142857143,9,2017,4,11,November,45,Thursday,3,0,0,0
2017-11-10,32672.7,34544.61428571429,10,2017,4,11,November,45,Friday,4,0,0,0
2017-11-11,32882.35,33500.154285714285,11,2017,4,11,November,45,Saturday,5,1,0,0
2017-11-12,31203.11,34213.72285714286,12,2017,4,11,November,45,Sunday,6,1,0,0
2017-11-13,37142.71,33623.96142857143,13,2017,4,11,November,46,Monday,0,0,0,0
2017-11-14,38103.06,34659.34285714286,14,2017,4,11,November,46,Tuesday,1,0,0,0
2017-11-15,33884.21,34892.73285714286,15,2017,4,11,November,46,Wednesday,2,0,0,0
2017-11-16,42403.51,35470.235714285714,16,2017,4,11,November,46,Thursday,3,0,0,0
2017-11-17,50698.91,38045.40857142857,17,2017,4,11,November,46,Friday,4,0,0,0
2017-11-18,35836.25,38467.39428571429,18,2017,4,11,November,46,Saturday,5,1,0,0
2017-11-19,27204.47,37896.159999999996,19,2017,4,11,November,46,Sunday,6,1,0,0
2017-11-20,62856.75,41569.59428571429,20,2017,4,11,November,47,Monday,0,0,0,0
2017-11-21,54289.05,43881.87857142858,21,2017,4,11,November,47,Tuesday,1,0,0,0
2017-11-22,43770.82,45294.25142857143,22,2017,4,11,November,47,Wednesday,2,0,0,0
2017-11-23,81002.64,50808.41285714286,23,2017,4,11,November,47,Thursday,3,0,0,0
2017-11-24,256809.37,80252.76428571428,24,2017,4,11,November,47,Friday,4,0,0,0
2017-11-25,94261.4,88599.21428571429,25,2017,4,11,November,47,Saturday,5,1,0,0
2017-11-26,69614.04,94657.7242857143,26,2017,4,11,November,47,Sunday,6,1,0,0
2017-11-27,79703.88,97064.45714285715,27,2017,4,11,November,48,Monday,0,0,0,0
2017-11-28,81912.95999999999,101010.73,28,2017,4,11,November,48,Tuesday,1,0,0,0
2017-11-29,58549.45,103121.96285714286,29,2017,4,11,November,48,Wednesday,2,0,0,0
2017-11-30,43588.71,97777.11571428573,30,2017,4,11,November,48,Thursday,3,0,0,1
2017-12-01,57422.41,69293.2642857143,1,2017,4,12,December,48,Friday,4,0,1,0
2017-12-02,39402.18,61456.23285714286,2,2017,4,12,December,48,Saturday,5,1,0,0
2017-12-03,43529.42,57729.85857142857,3,2017,4,12,December,48,Sunday,6,1,0,0
2017-12-04,65152.97,55651.15714285714,4,2017,4,12,December,49,Monday,0,0,0,0
2017-12-05,55006.24,51807.340000000004,5,2017,4,12,December,49,Tuesday,1,0,0,0
2017-12-06,58216.64,51759.79571428571,6,2017,4,12,December,49,Wednesday,2,0,0,0
2017-12-07,43406.53,51733.770000000004,7,2017,4,12,December,49,Thursday,3,0,0,0
2017-12-08,40613.39,49332.48142857143,8,2017,4,12,December,49,Friday,4,0,0,0
2017-12-09,25482.73,47343.98857142857,9,2017,4,12,December,49,Saturday,5,1,0,0
2017-12-10,33090.96,45852.77999999999,10,2017,4,12,December,49,Sunday,6,1,0,0
2017-12-11,44495.43,42901.70285714285,11,2017,4,12,December,50,Monday,0,0,0,0
2017-12-12,49303.69,42087.05285714286,12,2017,4,12,December,50,Tuesday,1,0,0,0
2017-12-13,56952.28,41906.43,13,2017,4,12,December,50,Wednesday,2,0,0,0
2017-12-14,34079.53,40574.00142857143,14,2017,4,12,December,50,Thursday,3,0,0,0
2017-12-15,38454.78,40265.62857142858,15,2017,4,12,December,50,Friday,4,0,0,0
2017-12-16,26167.17,40363.40571428571,16,2017,4,12,December,50,Saturday,5,1,0,0
2017-12-17,25305.02,39251.12857142858,17,2017,4,12,December,50,Sunday,6,1,0,0
2017-12-18,40586.12,38692.65571428572,18,2017,4,12,December,51,Monday,0,0,0,0
2017-12-19,29192.260000000002,35819.59428571429,19,2017,4,12,December,51,Tuesday,1,0,0,0
2017-12-20,39247.52,33290.34285714286,20,2017,4,12,December,51,Wednesday,2,0,0,0
2017-12-21,23410.93,31766.257142857146,21,2017,4,12,December,51,Thursday,3,0,0,0
2017-12-22,22473.2,29483.174285714285,22,2017,4,12,December,51,Friday,4,0,0,0
2017-12-23,18280.45,28356.5,23,2017,4,12,December,51,Saturday,5,1,0,0
2017-12-24,7373.41,25794.84142857143,24,2017,4,12,December,51,Sunday,6,1,0,0
2017-12-25,14827.61,22115.054285714286,25,2017,4,12,December,52,Monday,0,0,0,0
2017-12-26,27678.52,21898.805714285718,26,2017,4,12,December,52,Tuesday,1,0,0,0
2017-12-27,25300.31,19906.347142857143,27,2017,4,12,December,52,Wednesday,2,0,0,0
2017-12-28,19610.17,19363.38142857143,28,2017,4,12,December,52,Thursday,3,0,0,0
2017-12-29,25007.19,19725.38,29,2017,4,12,December,52,Friday,4,0,0,0
2017-12-30,17599.93,19628.16285714286,30,2017,4,12,December,52,Saturday,5,1,0,0
2017-12-31,10913.35,20133.86857142857,31,2017,4,12,December,52,Sunday,6,1,0,1
2018-01-01,9896.45,19429.41714285714,1,2018,1,1,January,1,Monday,0,0,1,0
2018-01-02,36031.32,20622.674285714285,2,2018,1,1,January,1,Tuesday,1,0,0,0
2018-01-03,43342.24,23200.092857142856,3,2018,1,1,January,1,Wednesday,2,0,0,0
2018-01-04,45546.17,26905.235714285718,4,2018,1,1,January,1,Thursday,3,0,0,0
2018-01-05,41182.13,29215.941428571427,5,2018,1,1,January,1,Friday,4,0,0,0
2018-01-06,47856.14,33538.25714285714,6,2018,1,1,January,1,Saturday,5,1,0,0
2018-01-07,41369.81,37889.18,7,2018,1,1,January,1,Sunday,6,1,0,0
2018-01-08,58462.93,44827.24857142857,8,2018,1,1,January,2,Monday,0,0,0,0
2018-01-09,43265.03,45860.63571428571,9,2018,1,1,January,2,Tuesday,1,0,0,0
2018-01-10,65117.77,48971.42571428571,10,2018,1,1,January,2,Wednesday,2,0,0,0
2018-01-11,75685.54,53277.049999999996,11,2018,1,1,January,2,Thursday,3,0,0,0
2018-01-12,50943.56,54671.54,12,2018,1,1,January,2,Friday,4,0,0,0
2018-01-13,36906.23,53107.26714285714,13,2018,1,1,January,2,Saturday,5,1,0,0
2018-01-14,41267.61,53092.66714285714,14,2018,1,1,January,2,Sunday,6,1,0,0
2018-01-15,57689.82,52982.22285714286,15,2018,1,1,January,3,Monday,0,0,0,0
2018-01-16,69627.21,56748.24857142858,16,2018,1,1,January,3,Tuesday,1,0,0,0
2018-01-17,45591.7,53958.810000000005,17,2018,1,1,January,3,Wednesday,2,0,0,0
2018-01-18,40277.1,48900.46142857143,18,2018,1,1,January,3,Thursday,3,0,0,0
2018-01-19,41291.1,47521.53857142857,19,2018,1,1,January,3,Friday,4,0,0,0
2018-01-20,32575.02,46902.794285714284,20,2018,1,1,January,3,Saturday,5,1,0,0
2018-01-21,33133.79,45740.82,21,2018,1,1,January,3,Sunday,6,1,0,0
2018-01-22,54960.06,45350.85428571428,22,2018,1,1,January,4,Monday,0,0,0,0
2018-01-23,51353.99,42740.394285714276,23,2018,1,1,January,4,Tuesday,1,0,0,0
2018-01-24,44246.97,42548.28999999999,24,2018,1,1,January,4,Wednesday,2,0,0,0
2018-01-25,42260.63,42831.65142857143,25,2018,1,1,January,4,Thursday,3,0,0,0
2018-01-26,47930.27,43780.10428571428,26,2018,1,1,January,4,Friday,4,0,0,0
2018-01-27,34011.03,43985.24857142857,27,2018,1,1,January,4,Saturday,5,1,0,0
2018-01-28,31787.94,43792.98428571429,28,2018,1,1,January,4,Sunday,6,1,0,0
2018-01-29,48252.73,42834.794285714284,29,2018,1,1,January,5,Monday,0,0,0,0
2018-01-30,59273.85,43966.20285714285,30,2018,1,1,January,5,Tuesday,1,0,0,0
2018-01-31,44212.4,43961.26428571429,31,2018,1,1,January,5,Wednesday,2,0,0,1
2018-02-01,61649.19,46731.05857142858,1,2018,1,2,February,5,Thursday,3,0,1,0
2018-02-02,45896.22,46440.479999999996,2,2018,1,2,February,5,Friday,4,0,0,0
2018-02-03,31100.69,46024.717142857146,3,2018,1,2,February,5,Saturday,5,1,0,0
2018-02-04,33213.44,46228.36,4,2018,1,2,February,5,Sunday,6,1,0,0
2018-02-05,53470.46,46973.75,5,2018,1,2,February,6,Monday,0,0,0,0
2018-02-06,52944.49,46069.555714285714,6,2018,1,2,February,6,Tuesday,1,0,0,0
2018-02-07,44658.61,46133.299999999996,7,2018,1,2,February,6,Wednesday,2,0,0,0
2018-02-08,39001.73,42897.94857142858,8,2018,1,2,February,6,Thursday,3,0,0,0
2018-02-09,40206.73,42085.16428571429,9,2018,1,2,February,6,Friday,4,0,0,0
2018-02-10,30356.21,41978.810000000005,10,2018,1,2,February,6,Saturday,5,1,0,0
2018-02-11,34356.41,42142.09142857143,11,2018,1,2,February,6,Sunday,6,1,0,0
2018-02-12,38889.35,40059.07571428572,12,2018,1,2,February,7,Monday,0,0,0,0
2018-02-13,37418.14,37841.025714285715,13,2018,1,2,February,7,Tuesday,1,0,0,0
2018-02-14,58486.38,39816.42142857143,14,2018,1,2,February,7,Wednesday,2,0,0,0
2018-02-15,46299.12,40858.90571428572,15,2018,1,2,February,7,Thursday,3,0,0,0
2018-02-16,43347.48,41307.58428571429,16,2018,1,2,February,7,Friday,4,0,0,0
2018-02-17,35030.16,41975.291428571436,17,2018,1,2,February,7,Saturday,5,1,0,0
2018-02-18,36592.13,42294.68,18,2018,1,2,February,7,Sunday,6,1,0,0
2018-02-19,44115.78,43041.31285714286,19,2018,1,2,February,8,Monday,0,0,0,0
2018-02-20,47423.99,44470.719999999994,20,2018,1,2,February,8,Tuesday,1,0,0,0
2018-02-21,53850.06,43808.38857142858,21,2018,1,2,February,8,Wednesday,2,0,0,0
2018-02-22,95988.53,50906.875714285714,22,2018,1,2,February,8,Thursday,3,0,0,0
2018-02-23,37180.57,50025.888571428564,23,2018,1,2,February,8,Friday,4,0,0,0
2018-02-24,31697.95,49549.85857142857,24,2018,1,2,February,8,Saturday,5,1,0,0
2018-02-25,44831.11,50726.85571428571,25,2018,1,2,February,8,Sunday,6,1,0,0
2018-02-26,59524.3,52928.07285714285,26,2018,1,2,February,9,Monday,0,0,0,0
2018-02-27,70332.53,56200.72142857143,27,2018,1,2,February,9,Tuesday,1,0,0,0
2018-02-28,63398.95,57564.84857142856,28,2018,1,2,February,9,Wednesday,2,0,0,1
2018-03-01,65000.66,53138.01,1,2018,1,3,March,9,Thursday,3,0,1,0
2018-03-02,46533.7,54474.17142857143,2,2018,1,3,March,9,Friday,4,0,0,0
2018-03-03,35451.99,55010.462857142855,3,2018,1,3,March,9,Saturday,5,1,0,0
2018-03-04,40384.52,54375.235714285714,4,2018,1,3,March,9,Sunday,6,1,0,0
2018-03-05,70295.56999999999,55913.98857142857,5,2018,1,3,March,10,Monday,0,0,0,0
2018-03-06,54772.409999999996,53691.114285714284,6,2018,1,3,March,10,Tuesday,1,0,0,0
2018-03-07,53908.21,52335.29428571428,7,2018,1,3,March,10,Wednesday,2,0,0,0
2018-03-08,48552.27,49985.52428571428,8,2018,1,3,March,10,Thursday,3,0,0,0
2018-03-09,41707.53,49296.07142857142,9,2018,1,3,March,10,Friday,4,0,0,0
2018-03-10,43490.13,50444.377142857134,10,2018,1,3,March,10,Saturday,5,1,0,0
2018-03-11,41904.55,50661.524285714295,11,2018,1,3,March,10,Sunday,6,1,0,0
2018-03-12,41641.79,46568.12714285714,12,2018,1,3,March,11,Monday,0,0,0,0
2018-03-13,52535.02,46248.5,13,2018,1,3,March,11,Tuesday,1,0,0,0
2018-03-14,38547.11,44054.05714285715,14,2018,1,3,March,11,Wednesday,2,0,0,0
2018-03-15,61484.96,45901.58428571428,15,2018,1,3,March,11,Thursday,3,0,0,0
2018-03-16,52469.95,47439.072857142855,16,2018,1,3,March,11,Friday,4,0,0,0
2018-03-17,31782.55,45766.561428571425,17,2018,1,3,March,11,Saturday,5,1,0,0
2018-03-18,40415.31,45553.81285714286,18,2018,1,3,March,11,Sunday,6,1,0,0
2018-03-19,77564.69,50685.65571428571,19,2018,1,3,March,12,Monday,0,0,0,0
2018-03-20,54551.9,50973.78142857143,20,2018,1,3,March,12,Tuesday,1,0,0,0
2018-03-21,51926.15,52885.072857142855,21,2018,1,3,March,12,Wednesday,2,0,0,0
2018-03-22,45534.25,50606.40000000001,22,2018,1,3,March,12,Thursday,3,0,0,0
2018-03-23,46802.97,49796.83142857143,23,2018,1,3,March,12,Friday,4,0,0,0
2018-03-24,33897.86,50099.01857142857,24,2018,1,3,March,12,Saturday,5,1,0,0
2018-03-25,40315.16,50084.711428571434,25,2018,1,3,March,12,Sunday,6,1,0,0
2018-03-26,54884.19,46844.64000000001,26,2018,1,3,March,13,Monday,0,0,0,0
2018-03-27,58102.46,47351.862857142856,27,2018,1,3,March,13,Tuesday,1,0,0,0
2018-03-28,40588.01,45732.12857142858,28,2018,1,3,March,13,Wednesday,2,0,0,0
2018-03-29,39005.66,44799.472857142864,29,2018,1,3,March,13,Thursday,3,0,0,0
2018-03-30,33928.18,42960.217142857146,30,2018,1,3,March,13,Friday,4,0,0,0
2018-03-31,42065.79,44127.06428571429,31,2018,1,3,March,13,Saturday,5,1,0,1
2018-04-01,42001.63,44367.98857142857,1,2018,2,4,April,13,Sunday,6,1,1,0
2018-04-02,69783.57,46496.47142857143,2,2018,2,4,April,14,Monday,0,0,0,0
2018-04-03,50258.06,45375.84285714286,3,2018,2,4,April,14,Tuesday,1,0,0,0
2018-04-04,53599.5,47234.62714285714,4,2018,2,4,April,14,Wednesday,2,0,0,0
2018-04-05,51926.12,49080.40714285714,5,2018,2,4,April,14,Thursday,3,0,0,0
2018-04-06,41453.73,50155.485714285714,6,2018,2,4,April,14,Friday,4,0,0,0
2018-04-07,34540.2,49080.40142857143,7,2018,2,4,April,14,Saturday,5,1,0,0
2018-04-08,33956.05,47931.032857142854,8,2018,2,4,April,14,Sunday,6,1,0,0
2018-04-09,67336.67,47581.47571428572,9,2018,2,4,April,15,Monday,0,0,0,0
2018-04-10,39200.74,46001.85857142857,10,2018,2,4,April,15,Tuesday,1,0,0,0
2018-04-11,55581.31,46284.974285714285,11,2018,2,4,April,15,Wednesday,2,0,0,0
2018-04-12,51450.04,46216.962857142855,12,2018,2,4,April,15,Thursday,3,0,0,0
2018-04-13,48453.62,47216.94714285714,13,2018,2,4,April,15,Friday,4,0,0,0
2018-04-14,32613.75,46941.74,14,2018,2,4,April,15,Saturday,5,1,0,0
2018-04-15,47998.52,48947.80714285715,15,2018,2,4,April,15,Sunday,6,1,0,0
2018-04-16,59102.7,47771.525714285715,16,2018,2,4,April,16,Monday,0,0,0,0
2018-04-17,64927.83,51446.82428571429,17,2018,2,4,April,16,Tuesday,1,0,0,0
2018-04-18,57858.79,51772.17857142857,18,2018,2,4,April,16,Wednesday,2,0,0,0
2018-04-19,88514.61,57067.11714285715,19,2018,2,4,April,16,Thursday,3,0,0,0
2018-04-20,42083.84,56157.14857142857,20,2018,2,4,April,16,Friday,4,0,0,0
2018-04-21,25376.7,55123.28428571428,21,2018,2,4,April,16,Saturday,5,1,0,0
2018-04-22,39765.64,53947.15857142857,22,2018,2,4,April,16,Sunday,6,1,0,0
2018-04-23,52689.11,53030.93142857142,23,2018,2,4,April,17,Monday,0,0,0,0
2018-04-24,65026.71,53045.057142857135,24,2018,2,4,April,17,Tuesday,1,0,0,0
2018-04-25,56619.88,52868.07,25,2018,2,4,April,17,Wednesday,2,0,0,0
2018-04-26,47517.27,47011.307142857135,26,2018,2,4,April,17,Thursday,3,0,0,0
2018-04-27,64741.87,50248.16857142856,27,2018,2,4,April,17,Friday,4,0,0,0
2018-04-28,33471.979999999996,51404.637142857144,28,2018,2,4,April,17,Saturday,5,1,0,0
2018-04-29,26809.75,49553.79571428571,29,2018,2,4,April,17,Sunday,6,1,0,0
2018-04-30,53183.75,49624.45857142857,30,2018,2,4,April,18,Monday,0,0,0,1
2018-05-01,44246.8,46655.9,1,2018,2,5,May,18,Tuesday,1,0,1,0
2018-05-02,59007.81,46997.032857142854,2,2018,2,5,May,18,Wednesday,2,0,0,0
2018-05-03,66614.39,49725.192857142865,3,2018,2,5,May,18,Thursday,3,0,0,0
2018-05-04,55948.64,48469.01714285714,4,2018,2,5,May,18,Friday,4,0,0,0
2018-05-05,40709.37,49502.93,5,2018,2,5,May,18,Saturday,5,1,0,0
2018-05-06,38185.38,51128.020000000004,6,2018,2,5,May,18,Sunday,6,1,0,0
2018-05-07,80728.02,55062.91571428571,7,2018,2,5,May,19,Monday,0,0,0,0
2018-05-08,67683.51,58411.01714285714,8,2018,2,5,May,19,Tuesday,1,0,0,0
2018-05-09,69226.49,59870.82857142857,9,2018,2,5,May,19,Wednesday,2,0,0,0
2018-05-10,82434.08,62130.78428571428,10,2018,2,5,May,19,Thursday,3,0,0,0
2018-05-11,60142.04,62729.841428571424,11,2018,2,5,May,19,Friday,4,0,0,0
2018-05-12,44886.97,63326.64142857143,12,2018,2,5,May,19,Saturday,5,1,0,0
2018-05-13,46506.84,64515.42142857142,13,2018,2,5,May,19,Sunday,6,1,0,0
2018-05-14,75197.04,63725.28142857143,14,2018,2,5,May,20,Monday,0,0,0,0
2018-05-15,79939.48,65476.13428571429,15,2018,2,5,May,20,Tuesday,1,0,0,0
2018-05-16,80293.72,67057.16714285714,16,2018,2,5,May,20,Wednesday,2,0,0,0
2018-05-17,43719.75,61526.54857142857,17,2018,2,5,May,20,Thursday,3,0,0,0
2018-05-18,46958.84,59643.23428571429,18,2018,2,5,May,20,Friday,4,0,0,0
2018-05-19,35013.66,58232.76142857142,19,2018,2,5,May,20,Saturday,5,1,0,0
2018-05-20,29614.91,55819.62857142858,20,2018,2,5,May,20,Sunday,6,1,0,0
2018-05-21,42650.21,51170.08142857142,21,2018,2,5,May,21,Monday,0,0,0,0
2018-05-22,55491.59,47677.525714285715,22,2018,2,5,May,21,Tuesday,1,0,0,0
2018-05-23,25213.08,39808.86285714286,23,2018,2,5,May,21,Wednesday,2,0,0,0
2018-05-24,27746.54,37526.97571428572,24,2018,2,5,May,21,Thursday,3,0,0,0
2018-05-25,31893.44,35374.775714285715,25,2018,2,5,May,21,Friday,4,0,0,0
2018-05-26,22477.56,33583.904285714285,26,2018,2,5,May,21,Saturday,5,1,0,0
2018-05-27,16482.08,31707.785714285714,27,2018,2,5,May,21,Sunday,6,1,0,0
2018-05-28,40648.26,31421.792857142857,28,2018,2,5,May,22,Monday,0,0,0,0
2018-05-29,36424.9,28697.980000000003,29,2018,2,5,May,22,Tuesday,1,0,0,0
2018-05-30,30821.010000000002,29499.11285714286,30,2018,2,5,May,22,Wednesday,2,0,0,0
2018-05-31,34206.59,30421.977142857144,31,2018,2,5,May,22,Thursday,3,0,0,1
2018-06-01,65404.79,35209.31285714286,1,2018,2,6,June,22,Friday,4,0,1,0
2018-06-02,32048.3,36576.561428571425,2,2018,2,6,June,22,Saturday,5,1,0,0
2018-06-03,39234.85,39826.95714285714,3,2018,2,6,June,22,Sunday,6,1,0,0
2018-06-04,40467.77,39801.17285714286,4,2018,2,6,June,23,Monday,0,0,0,0
2018-06-05,55183.54,42480.97857142857,5,2018,2,6,June,23,Tuesday,1,0,0,0
2018-06-06,44999.21,44506.43571428571,6,2018,2,6,June,23,Wednesday,2,0,0,0
2018-06-07,52537.72,47125.16857142857,7,2018,2,6,June,23,Thursday,3,0,0,0
2018-06-08,42031.68,43786.15285714286,8,2018,2,6,June,23,Friday,4,0,0,0
2018-06-09,40891.5,45049.467142857146,9,2018,2,6,June,23,Saturday,5,1,0,0
2018-06-10,36157.42,44609.83428571429,10,2018,2,6,June,23,Sunday,6,1,0,0
2018-06-11,76270.14,49724.45857142857,11,2018,2,6,June,24,Monday,0,0,0,0
2018-06-12,57250.2,50019.69571428571,12,2018,2,6,June,24,Tuesday,1,0,0,0
2018-06-13,53609.94,51249.799999999996,13,2018,2,6,June,24,Wednesday,2,0,0,0
2018-06-14,38063.21,49182.01285714285,14,2018,2,6,June,24,Thursday,3,0,0,0
2018-06-15,37314.78,48508.17,15,2018,2,6,June,24,Friday,4,0,0,0
2018-06-16,32244.55,47272.89142857143,16,2018,2,6,June,24,Saturday,5,1,0,0
2018-06-17,25318.22,45724.434285714284,17,2018,2,6,June,24,Sunday,6,1,0,0
2018-06-18,51176.81,42139.672857142854,18,2018,2,6,June,25,Monday,0,0,0,0
2018-06-19,50831.47,41222.71142857143,19,2018,2,6,June,25,Tuesday,1,0,0,0
2018-06-20,45892.07,40120.15857142857,20,2018,2,6,June,25,Wednesday,2,0,0,0
2018-06-21,39979.85,40393.96428571428,21,2018,2,6,June,25,Thursday,3,0,0,0
2018-06-22,35509.02,40135.99857142857,22,2018,2,6,June,25,Friday,4,0,0,0
2018-06-23,25543.8,39178.74857142857,23,2018,2,6,June,25,Saturday,5,1,0,0
2018-06-24,33656.35,40369.909999999996,24,2018,2,6,June,25,Sunday,6,1,0,0
2018-06-25,53833.76,40749.474285714285,25,2018,2,6,June,26,Monday,0,0,0,0
2018-06-26,52740.68,41022.21857142857,26,2018,2,6,June,26,Tuesday,1,0,0,0
2018-06-27,39617.93,40125.91285714286,27,2018,2,6,June,26,Wednesday,2,0,0,0
2018-06-28,49568.37,41495.70142857143,28,2018,2,6,June,26,Thursday,3,0,0,0
2018-06-29,30030.41,40713.04285714286,29,2018,2,6,June,26,Friday,4,0,0,0
2018-06-30,21277.47,40103.56714285714,30,2018,2,6,June,26,Saturday,5,1,0,1
2018-07-01,39158.69,40889.61571428572,1,2018,3,7,July,26,Sunday,6,1,1,0
2018-07-02,48104.96,40071.21571428572,2,2018,3,7,July,27,Monday,0,0,0,0
2018-07-03,41207.09,38423.560000000005,3,2018,3,7,July,27,Tuesday,1,0,0,0
2018-07-04,50103.64,39921.51857142857,4,2018,3,7,July,27,Wednesday,2,0,0,0
2018-07-05,49744.71,39946.71,5,2018,3,7,July,27,Thursday,3,0,0,0
2018-07-06,24405.399999999998,39143.137142857144,6,2018,3,7,July,27,Friday,4,0,0,0
2018-07-07,14291.8,38145.184285714284,7,2018,3,7,July,27,Saturday,5,1,0,0
2018-07-08,22526.93,35769.21857142857,8,2018,3,7,July,27,Sunday,6,1,0,0
2018-07-09,25022.49,32471.722857142857,9,2018,3,7,July,28,Monday,0,0,0,0
2018-07-10,26745.47,30405.777142857143,10,2018,3,7,July,28,Tuesday,1,0,0,0
2018-07-11,27844.81,27225.944285714282,11,2018,3,7,July,28,Wednesday,2,0,0,0
2018-07-12,41910.57,26106.78142857143,12,2018,3,7,July,28,Thursday,3,0,0,0
2018-07-13,39422.29,28252.05142857143,13,2018,3,7,July,28,Friday,4,0,0,0
2018-07-14,28780.170000000002,30321.81857142857,14,2018,3,7,July,28,Saturday,5,1,0,0
2018-07-15,59075.52,35543.04571428571,15,2018,3,7,July,28,Sunday,6,1,0,0
2018-07-16,42826.11,38086.42,16,2018,3,7,July,29,Monday,0,0,0,0
2018-07-17,41688.17,40221.09142857143,17,2018,3,7,July,29,Tuesday,1,0,0,0
2018-07-18,63997.87,45385.81428571429,18,2018,3,7,July,29,Wednesday,2,0,0,0
2018-07-19,55468.22,47322.62142857142,19,2018,3,7,July,29,Thursday,3,0,0,0
2018-07-20,46992.88,48404.13428571429,20,2018,3,7,July,29,Friday,4,0,0,0
2018-07-21,29128.88,48453.95,21,2018,3,7,July,29,Saturday,5,1,0,0
2018-07-22,48132.91,46890.72000000001,22,2018,3,7,July,29,Sunday,6,1,0,0
2018-07-23,60286.71,49385.09142857143,23,2018,3,7,July,30,Monday,0,0,0,0
2018-07-24,53799.27,51115.24857142857,24,2018,3,7,July,30,Tuesday,1,0,0,0
2018-07-25,69513.13,51903.142857142855,25,2018,3,7,July,30,Wednesday,2,0,0,0
2018-07-26,55103.47,51851.03571428572,26,2018,3,7,July,30,Thursday,3,0,0,0
2018-07-27,40824.04,50969.77285714286,27,2018,3,7,July,30,Friday,4,0,0,0
2018-07-28,44997.65,53236.740000000005,28,2018,3,7,July,30,Saturday,5,1,0,0
2018-07-29,40472.22,52142.35571428571,29,2018,3,7,July,30,Sunday,6,1,0,0
2018-07-30,52778.05,51069.69,30,2018,3,7,July,31,Monday,0,0,0,0
2018-07-31,75067.36,54107.98857142858,31,2018,3,7,July,31,Tuesday,1,0,0,1
2018-08-01,59116.83,52622.80285714286,1,2018,3,8,August,31,Wednesday,2,0,1,0
2018-08-02,54797.26,52579.05857142858,2,2018,3,8,August,31,Thursday,3,0,0,0
2018-08-03,58045.93,55039.32857142857,3,2018,3,8,August,31,Friday,4,0,0,0
2018-08-04,48190.46,55495.44428571429,4,2018,3,8,August,31,Saturday,5,1,0,0
2018-08-05,51253.92,57035.68714285714,5,2018,3,8,August,31,Sunday,6,1,0,0
2018-08-06,89915.05,62340.972857142864,6,2018,3,8,August,32,Monday,0,0,0,0
2018-08-07,92721.85,64863.042857142864,7,2018,3,8,August,32,Tuesday,1,0,0,0
2018-08-08,71733.77,66665.46285714286,8,2018,3,8,August,32,Wednesday,2,0,0,0
2018-08-09,56319.39,66882.91,9,2018,3,8,August,32,Thursday,3,0,0,0
2018-08-10,44868.43,65000.41000000001,10,2018,3,8,August,32,Friday,4,0,0,0
2018-08-11,37553.18,63480.798571428575,11,2018,3,8,August,32,Saturday,5,1,0,0
2018-08-12,52302.26,63630.56142857143,12,2018,3,8,August,32,Sunday,6,1,0,0
2018-08-13,55565.83,58723.52999999999,13,2018,3,8,August,33,Monday,0,0,0,0
2018-08-14,58834.48,53882.47714285715,14,2018,3,8,August,33,Tuesday,1,0,0,0
2018-08-15,60042.090000000004,52212.23714285714,15,2018,3,8,August,33,Wednesday,2,0,0,0
2018-08-16,50492.31,51379.79714285715,16,2018,3,8,August,33,Thursday,3,0,0,0
2018-08-17,48773.76,51937.701428571425,17,2018,3,8,August,33,Friday,4,0,0,0
2018-08-18,31372.66,51054.770000000004,18,2018,3,8,August,33,Saturday,5,1,0,0
2018-08-19,34945.68,48575.258571428574,19,2018,3,8,August,33,Sunday,6,1,0,0
2018-08-20,48805.71,47609.52714285714,20,2018,3,8,August,34,Monday,0,0,0,0
2018-08-21,34734.67,44166.69714285714,21,2018,3,8,August,34,Tuesday,1,0,0,0
2018-08-22,29591.82,39816.65857142857,22,2018,3,8,August,34,Wednesday,2,0,0,0
2018-08-23,22532.82,35822.44571428571,23,2018,3,8,August,34,Thursday,3,0,0,0
2018-08-24,14464.49,30921.121428571427,24,2018,3,8,August,34,Friday,4,0,0,0
2018-08-25,12768.89,28263.440000000002,25,2018,3,8,August,34,Saturday,5,1,0,0
2018-08-26,10496.35,24770.678571428572,26,2018,3,8,August,34,Sunday,6,1,0,0
2018-08-27,6839.13,18775.452857142856,27,2018,3,8,August,35,Monday,0,0,0,0
2018-08-28,6108.19,14685.955714285714,28,2018,3,8,August,35,Tuesday,1,0,0,0
2018-08-29,4881.79,11155.951428571429,29,2018,3,8,August,35,Wednesday,2,0,0,0
2018-08-30,705.04,8037.697142857142,30,2018,3,8,August,35,Thursday,3,0,0,0
2018-08-31,63.89,5980.4685714285715,31,2018,3,8,August,35,Friday,4,0,0,1
2018-09-01,0.0,4156.341428571429,1,2018,3,9,September,35,Saturday,5,1,1,0
2018-09-02,0.0,2656.862857142857,2,2018,3,9,September,35,Sunday,6,1,0,0
2018-09-03,458.64,1745.3642857142856,3,2018,3,9,September,36,Monday,0,0,0,0
2018-09-04,0.0,872.7657142857142,4,2018,3,9,September,36,Tuesday,1,0,0,0
2018-09-05,0.0,175.36714285714285,5,2018,3,9,September,36,Wednesday,2,0,0,0
2018-09-06,2443.2000000000003,423.6757142857144,6,2018,3,9,September,36,Thursday,3,0,0,0
2018-09-07,0.0,414.54857142857145,7,2018,3,9,September,36,Friday,4,0,0,0
2018-09-08,0.0,414.54857142857145,8,2018,3,9,September,36,Saturday,5,1,0,0
2018-09-09,0.0,414.54857142857145,9,2018,3,9,September,36,Sunday,6,1,0,0
2018-09-10,51.17,356.3385714285714,10,2018,3,9,September,37,Monday,0,0,0,0
2018-09-11,258.67,393.2914285714286,11,2018,3,9,September,37,Tuesday,1,0,0,0
2018-09-12,84.58,405.3742857142857,12,2018,3,9,September,37,Wednesday,2,0,0,0
2018-09-13,414.04,115.49428571428572,13,2018,3,9,September,37,Thursday,3,0,0,0
2018-09-14,0.0,115.49428571428572,14,2018,3,9,September,37,Friday,4,0,0,0
2018-09-15,0.0,115.49428571428572,15,2018,3,9,September,37,Saturday,5,1,0,0
2018-09-16,0.0,115.49428571428572,16,2018,3,9,September,37,Sunday,6,1,0,0
2018-09-17,84.58,120.26714285714287,17,2018,3,9,September,38,Monday,0,0,0,0
2018-09-18,0.0,83.31428571428572,18,2018,3,9,September,38,Tuesday,1,0,0,0
2018-09-19,0.0,71.23142857142857,19,2018,3,9,September,38,Wednesday,2,0,0,0
2018-09-20,191.46,39.434285714285714,20,2018,3,9,September,38,Thursday,3,0,0,0
2018-09-21,0.0,39.434285714285714,21,2018,3,9,September,38,Friday,4,0,0,0
2018-09-22,0.0,39.434285714285714,22,2018,3,9,September,38,Saturday,5,1,0,0
2018-09-23,0.0,39.434285714285714,23,2018,3,9,September,38,Sunday,6,1,0,0
2018-09-24,0.0,27.351428571428578,24,2018,3,9,September,39,Monday,0,0,0,0
2018-09-25,221.54,59.0,25,2018,3,9,September,39,Tuesday,1,0,0,0
2018-09-26,94.63,72.51857142857143,26,2018,3,9,September,39,Wednesday,2,0,0,0
2018-09-27,0.0,45.16714285714285,27,2018,3,9,September,39,Thursday,3,0,0,0
2018-09-28,0.0,45.16714285714285,28,2018,3,9,September,39,Friday,4,0,0,0
2018-09-29,137.03,64.74285714285715,29,2018,3,9,September,39,Saturday,5,1,0,0
2018-09-30,0.0,64.74285714285715,30,2018,3,9,September,39,Sunday,6,1,0,1
2018-10-01,80.38,76.22571428571428,1,2018,4,10,October,40,Monday,0,0,1,0
2018-10-02,0.0,44.57714285714286,2,2018,4,10,October,40,Tuesday,1,0,0,0
2018-10-03,197.55,59.28000000000001,3,2018,4,10,October,40,Wednesday,2,0,0,0
2018-10-04,0.0,59.28000000000001,4,2018,4,10,October,40,Thursday,3,0,0,0
2018-10-05,0.0,59.28000000000001,5,2018,4,10,October,40,Friday,4,0,0,0
2018-10-06,0.0,39.704285714285724,6,2018,4,10,October,40,Saturday,5,1,0,0
2018-10-07,0.0,39.704285714285724,7,2018,4,10,October,40,Sunday,6,1,0,0
2018-10-08,0.0,28.22142857142857,8,2018,4,10,October,41,Monday,0,0,0,0
2018-10-09,0.0,28.22142857142857,9,2018,4,10,October,41,Tuesday,1,0,0,0
2018-10-10,0.0,0.0,10,2018,4,10,October,41,Wednesday,2,0,0,0
2018-10-11,0.0,0.0,11,2018,4,10,October,41,Thursday,3,0,0,0
2018-10-12,0.0,0.0,12,2018,4,10,October,41,Friday,4,0,0,0
2018-10-13,0.0,0.0,13,2018,4,10,October,41,Saturday,5,1,0,0
2018-10-14,0.0,0.0,14,2018,4,10,October,41,Sunday,6,1,0,0
2018-10-15,0.0,0.0,15,2018,4,10,October,42,Monday,0,0,0,0
2018-10-16,222.03,31.71857142857143,16,2018,4,10,October,42,Tuesday,1,0,0,0
2018-10-17,89.71,44.534285714285716,17,2018,4,10,October,42,Wednesday,2,0,0,0
